185.29.133.33,1
10.152.152.11,2
23.43.139.27,3
149.126.77.155,4
23.3.90.96,5
66.150.114.28,6
216.58.217.130,7
173.194.116.167,8
104.24.100.152,9
192.230.82.43,10
173.194.116.208,11
54.192.131.63,12
216.58.209.98,13
205.234.175.175,14
54.239.168.14,15
54.230.97.184,16
8.30.11.14,17
23.78.38.241,18
23.13.39.126,19
173.241.240.220,20
23.8.8.153,21
54.88.3.199,22
74.125.232.105,23
54.239.168.28,24
31.13.92.14,25
192.230.68.216,26
65.61.34.87,27
216.239.32.57,28
173.194.116.218,29
54.210.206.38,30
31.186.225.24,31
74.125.136.157,32
68.64.55.85,33
72.21.81.253,34
54.208.105.236,35
216.58.209.110,36
116.197.141.180,37
74.125.136.156,38
173.194.112.177,39
74.125.136.138,40
216.58.209.102,41
74.125.136.155,42
72.21.202.25,43
93.184.221.133,44
23.78.40.170,45
173.194.65.156,46
23.235.40.64,47
104.109.71.28,48
54.192.28.115,49
173.194.112.109,50
54.200.107.142,51
62.67.193.75,52
216.58.208.227,53
54.192.98.56,54
23.3.90.195,55
188.125.66.33,56
31.13.64.36,57
31.13.77.12,58
184.72.39.221,59
173.194.112.100,60
192.229.233.43,61
192.230.77.155,62
95.101.39.50,63
173.194.116.217,64
88.221.254.18,65
23.235.43.175,66
62.67.193.61,67
31.13.91.36,68
92.122.214.35,69
192.230.77.107,70
23.78.33.46,71
54.165.206.94,72
173.194.116.192,73
23.235.40.196,74
173.241.240.221,75
188.125.93.157,76
173.194.122.210,77
192.185.16.84,78
216.58.209.132,79
216.58.213.202,80
54.239.168.164,81
149.126.72.43,82
74.125.136.94,83
173.194.116.210,84
74.125.136.132,85
54.225.249.136,86
23.78.54.148,87
23.3.90.179,88
173.241.240.212,89
149.126.77.43,90
54.230.97.171,91
64.233.165.95,92
54.192.98.128,93
31.13.64.7,94
23.78.55.10,95
216.58.209.130,96
104.193.82.55,97
66.102.1.94,98
74.125.232.120,99
216.58.213.196,100
173.194.46.58,101
173.194.116.215,102
54.239.168.134,103
185.29.133.208,104
168.75.242.199,105
104.155.53.183,106
54.239.168.246,107
176.74.182.158,108
198.47.127.27,109
52.21.118.252,110
23.33.188.244,111
173.194.113.138,112
23.3.90.123,113
205.251.219.41,114
23.8.3.38,115
69.172.216.55,116
74.125.232.121,117
216.52.2.60,118
50.23.134.226,119
104.16.4.13,120
31.13.92.2,121
173.194.123.13,122
23.77.250.32,123
216.58.201.226,124
173.194.71.95,125
23.13.39.204,126
216.58.209.129,127
173.252.89.132,128
95.101.196.174,129
173.194.116.194,130
173.194.116.220,131
54.192.202.102,132
205.251.219.26,133
149.126.72.155,134
31.13.92.36,135
173.194.122.215,136
54.169.46.48,137
2.20.188.180,138
173.194.116.216,139
74.125.232.123,140
195.138.255.19,141
23.78.57.45,142
54.192.29.83,143
173.194.112.107,144
173.194.116.185,145
23.78.33.80,146
173.194.113.140,147
216.58.209.141,148
173.194.112.121,149
31.13.92.3,150
173.194.116.207,151
159.8.86.228,152
23.60.69.168,153
23.0.39.242,154
216.58.209.100,155
216.239.32.27,156
104.24.101.152,157
173.194.116.223,158
23.54.3.133,159
199.16.156.241,160
64.233.162.132,161
173.194.65.94,162
52.48.22.61,163
74.125.232.122,164
104.69.140.181,165
74.125.136.154,166
208.80.154.240,167
31.13.91.6,168
93.184.220.20,169
62.67.193.85,170
54.195.129.178,171
2.20.188.249,172
23.78.35.142,173
185.31.17.166,174
54.192.28.244,175
74.125.136.95,176
54.192.130.168,177
54.165.116.156,178
205.251.219.76,179
216.58.198.130,180
173.194.46.46,181
74.125.136.101,182
52.18.40.183,183
173.194.65.155,184
23.5.107.2,185
174.129.15.250,186
159.8.37.102,187
93.115.82.113,188
23.78.33.75,189
74.125.232.100,190
184.169.175.212,191
173.194.116.165,192
23.3.90.224,193
140.98.193.112,194
173.241.250.219,195
173.194.46.62,196
23.3.90.177,197
216.58.201.162,198
173.194.112.154,199
202.197.61.232,200
173.194.113.55,201
54.84.100.183,202
173.194.113.75,203
74.125.136.139,204
173.194.113.32,205
54.231.49.58,206
173.194.46.56,207
54.192.198.187,208
173.194.116.186,209
173.194.112.111,210
23.35.102.123,211
208.100.17.179,212
23.222.25.163,213
173.194.113.89,214
63.215.202.68,215
54.239.16.235,216
54.239.168.13,217
173.194.116.211,218
66.220.156.68,219
216.58.198.238,220
216.58.209.131,221
54.192.194.231,222
23.3.91.123,223
77.74.178.18,224
23.235.44.134,225
54.229.47.79,226
173.194.113.45,227
52.3.239.15,228
216.58.217.3,229
173.194.116.202,230
207.46.194.14,231
107.178.255.114,232
195.138.255.33,233
173.194.113.77,234
173.194.112.184,235
23.3.91.49,236
54.88.17.183,237
192.230.82.107,238
104.27.165.180,239
74.125.232.124,240
23.77.248.214,241
109.68.230.135,242
31.13.69.203,243
173.194.207.138,244
104.109.81.102,245
37.252.162.239,246
54.192.131.14,247
93.184.221.96,248
173.194.113.46,249
173.194.113.51,250
23.235.33.134,251
173.194.113.91,252
199.16.156.52,253
52.28.252.195,254
173.194.208.95,255
54.154.145.64,256
37.252.170.138,257
66.102.1.91,258
173.194.116.204,259
198.41.214.67,260
54.192.98.169,261
50.31.164.173,262
54.192.201.143,263
2.17.233.251,264
104.156.81.194,265
54.209.164.1,266
173.194.112.186,267
173.194.205.157,268
173.194.112.185,269
173.194.113.128,270
46.137.123.29,271
173.194.116.154,272
54.88.202.75,273
50.31.164.174,274
54.192.98.143,275
23.74.167.95,276
195.138.255.24,277
31.186.247.145,278
74.125.232.97,279
173.194.113.90,280
173.241.250.221,281
74.125.136.113,282
173.194.112.171,283
23.8.10.106,284
173.194.116.169,285
216.58.213.206,286
192.230.82.155,287
54.239.168.32,288
104.20.4.77,289
54.192.198.74,290
74.125.232.109,291
95.100.185.90,292
23.78.35.111,293
74.125.22.95,294
54.192.98.10,295
95.101.1.80,296
104.16.26.35,297
173.194.113.131,298
216.58.213.237,299
23.74.205.209,300
159.253.128.188,301
198.47.127.11,302
173.194.113.132,303
23.54.1.88,304
23.235.45.166,305
23.3.90.83,306
192.230.77.43,307
184.24.195.111,308
173.194.116.198,309
74.125.232.106,310
66.220.146.36,311
54.192.98.138,312
95.101.78.208,313
23.65.29.26,314
92.123.155.25,315
74.125.22.97,316
74.125.232.96,317
23.55.155.27,318
52.5.153.86,319
23.43.75.27,320
104.96.2.18,321
54.192.198.165,322
88.221.254.51,323
104.45.95.10,324
195.50.183.10,325
173.194.65.113,326
185.29.135.48,327
173.194.46.33,328
54.67.74.73,329
54.239.168.172,330
95.100.97.193,331
216.58.219.228,332
152.163.51.3,333
184.173.90.195,334
104.244.42.200,335
54.171.230.157,336
216.58.213.205,337
173.194.116.195,338
23.54.13.24,339
173.194.112.90,340
199.16.156.73,341
74.125.29.139,342
54.84.38.146,343
52.7.174.120,344
54.192.98.177,345
173.194.112.162,346
23.60.69.135,347
95.101.0.160,348
216.58.219.195,349
184.84.234.247,350
216.58.198.142,351
216.58.208.228,352
54.192.98.98,353
54.192.195.210,354
50.18.250.175,355
74.125.232.102,356
173.194.71.154,357
173.194.113.142,358
173.194.46.47,359
173.194.123.18,360
173.194.113.44,361
23.60.69.71,362
173.194.112.190,363
52.1.48.59,364
52.20.51.66,365
216.58.219.226,366
198.41.215.67,367
54.194.22.109,368
23.14.95.99,369
54.192.195.42,370
173.194.208.156,371
31.13.72.12,372
173.194.116.134,373
173.194.116.131,374
23.14.95.107,375
54.192.95.204,376
31.13.72.36,377
54.230.14.247,378
54.192.98.245,379
104.69.67.171,380
54.225.95.177,381
37.252.170.146,382
2.20.188.203,383
69.90.153.134,384
46.134.193.103,385
104.94.165.139,386
216.58.208.226,387
66.102.1.136,388
173.194.65.157,389
23.14.95.91,390
37.252.170.7,391
74.125.205.157,392
46.236.64.49,393
54.169.125.186,394
213.254.248.179,395
23.78.109.164,396
173.241.240.219,397
173.241.250.212,398
46.236.64.58,399
179.60.192.7,400
54.192.29.200,401
213.254.248.153,402
173.194.112.106,403
54.239.192.80,404
64.34.226.86,405
173.241.248.220,406
23.14.95.106,407
31.13.90.6,408
31.13.90.36,409
31.13.86.4,410
46.236.127.241,411
54.192.195.135,412
208.100.17.174,413
173.194.116.173,414
46.236.127.230,415
54.192.98.100,416
54.225.178.149,417
185.52.183.251,418
37.252.162.156,419
104.244.42.136,420
52.28.102.205,421
184.169.177.160,422
216.58.217.141,423
173.194.208.132,424
179.60.192.36,425
104.244.42.72,426
23.23.164.218,427
173.194.116.159,428
173.194.32.148,429
185.52.183.211,430
23.97.208.18,431
66.102.1.139,432
52.3.55.133,433
173.194.204.94,434
104.244.43.236,435
52.30.190.165,436
216.58.213.225,437
46.228.164.11,438
216.58.208.230,439
173.194.116.138,440
54.208.174.91,441
104.20.5.77,442
54.251.136.58,443
95.101.39.40,444
216.58.198.134,445
216.58.208.225,446
185.52.183.230,447
216.58.209.97,448
23.14.95.96,449
195.138.255.8,450
50.112.138.61,451
104.92.236.176,452
216.58.211.98,453
54.148.83.136,454
31.186.247.144,455
185.52.183.221,456
216.58.208.238,457
54.243.131.246,458
173.194.65.132,459
172.217.16.66,460
185.57.60.185,461
173.194.113.121,462
54.230.10.248,463
46.236.64.51,464
2.20.189.9,465
46.236.64.57,466
23.78.123.120,467
65.39.197.206,468
173.194.116.141,469
195.138.255.27,470
198.41.214.68,471
216.58.213.238,472
46.236.64.59,473
46.134.193.35,474
173.194.65.149,475
104.94.173.69,476
2.16.4.209,477
37.252.162.29,478
216.58.201.166,479
208.100.17.175,480
173.194.40.121,481
185.31.17.249,482
23.78.119.161,483
216.58.198.131,484
2.22.48.72,485
107.22.168.11,486
172.217.1.2,487
107.20.193.182,488
37.252.170.89,489
46.236.64.43,490
23.35.109.37,491
87.248.222.176,492
104.71.235.14,493
64.12.245.38,494
2.22.22.161,495
54.192.95.146,496
69.50.225.155,497
192.229.233.37,498
54.192.198.24,499
216.58.213.106,500
87.248.214.110,501
173.194.45.56,502
23.195.75.157,503
173.194.113.47,504
50.31.164.175,505
74.125.24.100,506
23.222.28.112,507
23.63.99.209,508
23.222.28.75,509
74.125.206.101,510
74.125.133.95,511
54.246.115.203,512
104.69.121.118,513
66.102.1.157,514
37.252.170.16,515
104.69.127.247,516
5.9.205.246,517
216.58.213.100,518
54.192.198.102,519
104.16.47.18,520
104.25.145.11,521
104.244.42.3,522
217.69.45.108,523
216.58.213.142,524
204.13.164.188,525
54.192.28.117,526
104.71.242.100,527
23.214.171.35,528
74.125.140.132,529
54.192.29.227,530
173.194.45.33,531
173.194.65.139,532
104.71.210.147,533
64.233.167.190,534
38.108.69.235,535
23.195.61.169,536
192.230.93.55,537
173.194.116.153,538
31.186.225.44,539
31.13.71.7,540
173.194.45.62,541
104.69.140.114,542
216.58.213.162,543
216.58.198.68,544
192.86.98.171,545
23.222.28.27,546
87.248.222.206,547
104.16.23.235,548
216.58.211.99,549
23.195.77.184,550
74.125.239.148,551
195.222.96.19,552
173.194.116.171,553
173.194.113.59,554
104.20.15.112,555
64.233.166.120,556
79.170.44.83,557
52.90.181.79,558
104.69.116.131,559
54.77.211.22,560
23.222.28.25,561
64.233.184.190,562
173.194.45.58,563
173.194.45.55,564
54.247.190.213,565
98.138.243.53,566
185.63.147.10,567
173.194.45.42,568
66.196.87.111,569
46.137.168.80,570
173.194.45.50,571
173.194.116.187,572
185.29.134.193,573
66.102.1.138,574
216.58.208.237,575
216.58.208.194,576
103.231.241.12,577
173.194.45.46,578
216.58.208.206,579
40.112.149.111,580
173.194.45.36,581
216.58.211.110,582
104.69.126.47,583
173.252.88.163,584
104.71.252.15,585
104.16.63.58,586
23.21.104.228,587
54.192.95.221,588
66.117.28.68,589
217.12.13.40,590
74.125.140.95,591
104.94.171.41,592
23.23.129.67,593
173.194.112.122,594
104.69.125.182,595
173.194.113.67,596
199.15.215.244,597
216.58.198.226,598
23.63.98.9,599
104.69.129.109,600
104.71.242.159,601
64.233.184.102,602
104.16.64.58,603
23.195.61.219,604
104.71.250.63,605
31.13.74.7,606
64.233.167.239,607
74.121.133.203,608
203.12.63.98,609
173.194.45.43,610
104.27.150.71,611
104.16.19.35,612
80.150.5.186,613
195.94.179.66,614
173.194.45.40,615
173.194.45.39,616
91.198.174.192,617
23.235.43.129,618
74.125.140.81,619
104.27.168.65,620
95.101.242.48,621
66.102.1.95,622
185.21.188.46,623
195.50.84.232,624
74.125.133.136,625
54.230.196.248,626
91.198.174.208,627
74.125.195.93,628
216.58.198.232,629
198.41.185.20,630
173.194.113.36,631
216.58.211.174,632
31.13.66.5,633
23.222.28.19,634
23.222.28.10,635
104.69.117.82,636
216.58.198.227,637
173.194.45.63,638
23.222.28.26,639
107.20.154.206,640
23.222.28.146,641
216.58.198.225,642
54.84.25.136,643
23.222.28.66,644
104.108.66.56,645
54.192.198.212,646
2.22.22.113,647
176.34.229.2,648
23.67.255.209,649
216.58.213.104,650
216.239.120.224,651
216.58.211.195,652
31.13.90.2,653
173.194.45.59,654
188.125.93.156,655
52.17.111.136,656
216.58.211.100,657
173.194.116.101,658
104.244.42.8,659
54.239.164.233,660
64.233.166.95,661
23.222.28.129,662
54.230.196.179,663
104.103.91.191,664
192.132.33.27,665
23.222.28.107,666
104.108.64.175,667
54.215.193.3,668
108.174.10.19,669
2.22.22.131,670
185.31.19.175,671
216.58.211.102,672
104.69.113.112,673
104.20.18.28,674
2.22.22.75,675
104.94.164.25,676
173.194.45.47,677
75.101.162.132,678
104.71.208.48,679
54.245.253.17,680
23.195.60.53,681
198.41.215.68,682
54.192.198.217,683
72.14.248.62,684
104.69.123.59,685
64.233.184.94,686
216.58.198.237,687
23.195.72.154,688
54.192.77.10,689
104.16.46.18,690
52.4.106.80,691
173.194.45.34,692
74.125.140.115,693
52.18.136.238,694
92.123.226.170,695
195.50.84.222,696
176.34.108.174,697
192.132.33.31,698
185.31.17.238,699
173.194.116.124,700
54.192.3.110,701
185.31.17.175,702
54.239.17.7,703
54.192.3.136,704
54.230.196.77,705
216.58.214.226,706
75.101.145.202,707
54.230.14.78,708
54.235.195.128,709
172.111.77.7,710
104.84.163.17,711
185.31.17.68,712
185.31.18.68,713
52.24.78.103,714
198.185.159.145,715
216.58.209.206,716
95.100.187.241,717
104.156.85.64,718
23.235.33.129,719
54.192.3.5,720
194.122.81.59,721
191.236.16.12,722
188.95.226.242,723
54.209.139.177,724
54.243.218.69,725
50.31.164.165,726
23.235.43.68,727
54.230.14.225,728
54.192.3.173,729
194.122.81.39,730
54.239.192.254,731
95.101.248.194,732
54.192.3.185,733
54.230.0.254,734
54.239.17.6,735
54.192.229.198,736
54.192.198.79,737
185.31.18.175,738
95.101.80.81,739
173.194.113.33,740
54.239.26.128,741
54.239.192.91,742
199.16.156.105,743
185.31.17.129,744
173.194.112.141,745
185.31.19.238,746
194.122.81.25,747
172.229.176.90,748
172.217.18.2,749
176.32.103.187,750
173.194.116.108,751
54.163.248.52,752
95.100.248.115,753
184.73.170.222,754
54.192.198.27,755
173.194.112.123,756
95.100.248.114,757
173.194.113.50,758
216.58.201.230,759
54.192.3.160,760
54.230.2.90,761
216.58.214.194,762
104.109.58.121,763
54.239.192.6,764
23.205.174.216,765
216.58.214.225,766
23.74.179.210,767
54.77.91.81,768
54.239.26.167,769
185.31.17.192,770
194.122.81.24,771
54.192.198.245,772
54.236.184.244,773
23.5.108.173,774
104.84.218.92,775
216.58.214.238,776
23.209.236.168,777
54.243.146.193,778
54.221.224.142,779
54.230.14.163,780
173.252.90.132,781
185.31.19.129,782
173.194.113.37,783
194.122.81.52,784
54.239.23.147,785
157.52.81.7,786
72.21.194.87,787
104.156.81.129,788
31.13.75.12,789
54.192.3.228,790
54.230.14.30,791
23.235.37.64,792
95.101.246.111,793
172.111.75.7,794
194.122.81.45,795
54.230.196.159,796
192.229.163.37,797
54.175.119.123,798
52.18.163.110,799
95.100.248.161,800
95.101.72.12,801
95.101.30.132,802
23.111.9.32,803
173.194.116.155,804
216.58.214.230,805
46.228.47.115,806
194.122.81.31,807
54.192.198.90,808
52.35.149.230,809
54.230.45.151,810
54.192.198.17,811
104.84.218.163,812
216.58.209.46,813
216.58.214.227,814
173.194.112.13,815
104.20.6.66,816
95.101.72.52,817
216.58.209.196,818
50.19.246.28,819
23.74.44.54,820
173.194.40.141,821
23.235.37.129,822
172.217.24.142,823
173.194.112.77,824
54.229.105.92,825
54.239.22.175,826
54.236.158.240,827
173.194.112.119,828
109.168.96.158,829
37.252.162.24,830
92.42.227.42,831
54.192.98.142,832
37.252.170.153,833
37.252.170.157,834
23.53.50.251,835
173.194.65.99,836
216.58.213.228,837
74.125.133.100,838
54.239.26.242,839
216.58.211.68,840
54.192.123.84,841
52.29.156.25,842
192.229.233.25,843
2.17.44.168,844
54.230.99.199,845
23.55.58.202,846
178.79.179.141,847
2.16.4.232,848
54.192.123.26,849
195.77.179.171,850
37.252.166.209,851
216.58.216.6,852
216.58.213.110,853
54.192.27.216,854
54.192.29.216,855
72.21.214.50,856
173.194.112.187,857
176.31.255.188,858
92.42.227.78,859
173.194.65.148,860
54.192.98.75,861
176.32.100.45,862
54.192.98.215,863
52.29.198.38,864
23.52.27.27,865
88.221.144.10,866
176.32.98.168,867
37.252.170.163,868
74.125.133.138,869
54.165.16.79,870
173.194.65.97,871
77.67.4.26,872
185.52.183.237,873
216.58.213.97,874
64.233.184.149,875
54.192.98.201,876
147.67.136.103,877
31.11.33.139,878
92.42.227.181,879
54.230.27.144,880
104.244.43.135,881
82.165.242.174,882
173.194.65.138,883
54.230.123.173,884
46.236.127.245,885
54.230.96.226,886
173.194.116.158,887
104.244.43.199,888
216.58.213.99,889
37.252.163.174,890
54.192.98.180,891
216.58.198.194,892
64.233.167.95,893
46.236.127.234,894
23.55.58.66,895
207.171.162.173,896
92.42.227.79,897
37.252.170.99,898
2.16.4.176,899
173.194.220.155,900
216.58.213.170,901
216.58.209.134,902
54.192.29.7,903
54.192.87.210,904
69.172.216.111,905
107.178.242.85,906
54.192.98.116,907
54.77.96.158,908
173.194.65.101,909
92.42.227.57,910
54.68.235.146,911
216.58.198.98,912
104.71.241.86,913
173.252.90.36,914
52.58.19.13,915
173.194.65.154,916
54.229.170.149,917
37.252.170.182,918
185.52.183.215,919
54.230.15.34,920
173.194.222.101,921
173.194.65.93,922
87.245.198.59,923
23.65.41.138,924
104.155.53.48,925
92.42.227.212,926
64.233.164.95,927
216.58.198.78,928
173.194.205.94,929
185.52.183.146,930
104.86.110.200,931
216.58.209.136,932
104.244.42.135,933
23.55.59.179,934
74.125.133.102,935
199.16.156.120,936
199.16.156.6,937
37.252.163.205,938
173.194.112.166,939
64.233.167.139,940
64.233.184.100,941
199.59.148.23,942
80.239.247.29,943
173.194.122.209,944
104.16.18.35,945
216.58.219.2,946
216.58.213.98,947
54.247.126.12,948
92.122.49.98,949
195.76.99.50,950
54.192.31.150,951
185.86.137.52,952
64.233.165.154,953
52.49.225.27,954
107.20.146.1,955
37.252.162.75,956
37.252.162.15,957
216.58.213.102,958
23.57.31.217,959
82.194.69.75,960
173.194.116.121,961
92.42.227.177,962
37.252.163.163,963
64.233.167.101,964
173.194.65.102,965
46.137.164.212,966
172.217.1.46,967
92.42.227.96,968
173.194.65.100,969
185.86.138.16,970
74.125.205.95,971
37.252.162.12,972
23.65.39.117,973
199.59.149.243,974
199.59.148.12,975
173.194.71.149,976
64.233.167.136,977
176.34.125.252,978
199.16.156.21,979
80.239.247.31,980
199.16.156.200,981
216.58.209.109,982
50.31.164.166,983
87.245.197.35,984
54.174.225.158,985
54.243.198.239,986
188.93.174.118,987
93.184.220.111,988
216.58.219.34,989
217.163.21.34,990
188.93.174.99,991
87.245.200.75,992
74.125.209.118,993
62.67.193.35,994
68.232.35.180,995
54.230.77.10,996
23.213.119.47,997
185.5.160.138,998
64.233.164.100,999
64.233.164.148,1000
188.93.174.93,1001
104.76.54.162,1002
66.196.66.212,1003
23.62.99.34,1004
216.58.208.74,1005
216.58.217.194,1006
64.233.164.113,1007
64.233.164.157,1008
216.58.222.3,1009
64.233.164.155,1010
31.13.70.7,1011
23.3.90.209,1012
217.12.1.155,1013
64.233.164.105,1014
23.78.91.152,1015
23.62.130.127,1016
185.5.160.137,1017
83.243.11.170,1018
64.233.164.138,1019
173.252.120.2,1020
23.34.180.136,1021
66.135.210.181,1022
80.239.137.25,1023
188.93.174.114,1024
80.239.148.155,1025
107.22.184.136,1026
216.58.210.238,1027
217.12.1.156,1028
216.58.219.46,1029
217.12.13.41,1030
23.62.99.33,1031
74.125.136.100,1032
95.172.71.48,1033
173.194.71.94,1034
2.22.207.101,1035
64.233.164.156,1036
64.233.165.138,1037
185.5.160.136,1038
64.233.164.132,1039
66.196.65.112,1040
23.32.99.182,1041
74.125.136.97,1042
216.58.210.35,1043
173.252.120.6,1044
184.28.180.246,1045
74.125.136.93,1046
192.0.77.2,1047
23.62.99.56,1048
74.125.136.149,1049
54.192.77.32,1050
104.86.44.57,1051
185.31.18.192,1052
64.233.164.149,1053
94.31.29.53,1054
74.125.136.136,1055
74.125.21.113,1056
216.58.210.226,1057
74.125.133.154,1058
64.233.164.154,1059
98.137.201.232,1060
23.62.99.42,1061
64.233.164.198,1062
173.194.113.73,1063
2.22.193.102,1064
74.125.224.62,1065
23.77.252.246,1066
64.233.164.139,1067
92.122.222.240,1068
64.233.164.102,1069
66.211.162.91,1070
216.58.219.38,1071
23.32.111.132,1072
199.96.57.7,1073
2.21.243.48,1074
64.233.164.120,1075
216.58.210.225,1076
216.58.210.74,1077
74.125.136.84,1078
2.17.168.245,1079
216.58.210.228,1080
23.62.99.18,1081
23.62.98.8,1082
95.172.71.40,1083
216.58.208.45,1084
95.172.71.42,1085
23.62.99.19,1086
192.0.79.33,1087
66.196.66.213,1088
216.58.210.230,1089
54.192.76.55,1090
83.243.11.171,1091
192.0.78.18,1092
74.125.136.198,1093
83.243.11.169,1094
216.58.210.46,1095
192.0.72.3,1096
23.45.96.80,1097
2.16.4.104,1098
173.194.222.95,1099
185.5.160.24,1100
74.125.136.147,1101
54.230.12.69,1102
74.125.21.148,1103
74.125.136.102,1104
74.125.136.196,1105
46.228.47.114,1106
173.194.112.47,1107
185.5.160.145,1108
23.62.141.203,1109
217.12.1.35,1110
198.52.200.39,1111
10.0.2.15,1112
195.154.82.180,1113
37.97.149.8,1114
195.154.107.23,1115
195.154.126.78,1116
5.9.28.6,1117
31.13.93.3,1118
104.86.110.33,1119
66.220.158.19,1120
2.16.162.51,1121
216.58.208.78,1122
2.22.9.155,1123
2.22.9.114,1124
74.125.71.188,1125
2.22.9.25,1126
173.194.112.98,1127
173.194.112.101,1128
31.13.93.7,1129
173.194.123.46,1130
173.194.123.58,1131
173.194.123.41,1132
173.194.121.3,1133
173.194.43.100,1134
74.125.228.238,1135
157.55.130.175,1136
5.178.135.69,1137
157.56.126.188,1138
5.1.83.201,1139
157.56.126.111,1140
85.25.103.119,1141
157.55.130.151,1142
131.202.240.45,1143
131.202.240.242,1144
131.202.240.87,1145
74.125.226.164,1146
74.125.226.161,1147
173.252.100.27,1148
74.125.226.160,1149
74.125.226.174,1150
74.125.226.172,1151
74.125.226.181,1152
178.237.24.202,1153
178.237.19.103,1154
64.12.104.73,1155
178.237.19.228,1156
64.12.104.85,1157
74.125.226.167,1158
178.237.19.227,1159
74.125.226.162,1160
64.12.24.167,1161
192.114.147.145,1162
10.0.0.9,1163
216.58.206.14,1164
216.58.214.69,1165
216.58.214.78,1166
216.58.207.78,1167
185.60.216.53,1168
82.161.239.177,1169
157.56.52.13,1170
10.8.8.178,1171
178.237.18.202,1172
10.8.8.130,1173
23.192.162.186,1174
23.63.99.210,1175
88.221.14.104,1176
216.58.210.78,1177
216.58.210.33,1178
216.58.208.35,1179
216.58.210.5,1180
216.58.210.3,1181
216.58.210.1,1182
178.237.17.103,1183
134.170.25.26,1184
86.4.212.228,1185
91.190.218.125,1186
2.30.116.54,1187
77.103.197.35,1188
64.4.23.162,1189
157.56.192.53,1190
2.101.222.231,1191
75.101.155.12,1192
131.202.240.113,1193
131.202.240.101,1194
131.202.240.150,1195
131.202.240.72,1196
131.202.240.86,1197
131.202.240.65,1198
10.8.8.138,1199
204.236.238.164,1200
10.8.8.134,1201
75.108.3.177,1202
98.251.71.160,1203
129.98.43.99,1204
67.180.224.48,1205
70.162.82.238,1206
108.237.134.2,1207
68.186.166.162,1208
73.45.157.98,1209
71.94.76.197,1210
130.88.8.60,1211
184.166.38.160,1212
73.25.184.121,1213
70.245.66.95,1214
24.196.36.15,1215
68.224.106.140,1216
165.254.207.75,1217
92.122.51.57,1218
92.122.51.75,1219
92.122.122.161,1220
77.109.131.234,1221
88.221.15.58,1222
77.109.137.185,1223
88.221.134.155,1224
185.31.19.143,1225
88.221.15.27,1226
185.31.17.143,1227
23.14.92.59,1228
173.194.3.201,1229
74.125.8.44,1230
173.194.10.242,1231
74.125.6.52,1232
173.194.10.216,1233
74.125.170.208,1234
208.117.254.82,1235
74.125.8.58,1236
173.194.18.44,1237
173.194.133.109,1238
173.194.54.10,1239
173.194.16.81,1240
173.194.76.127,1241
173.194.207.127,1242
108.175.42.181,1243
108.175.39.202,1244
108.175.43.146,1245
108.175.43.161,1246
209.148.205.41,1247
23.235.40.143,1248
209.148.205.35,1249
199.212.24.172,1250
199.212.24.173,1251
217.23.3.253,1252
185.2.220.137,1253
208.117.251.116,1254
69.171.248.107,1255
173.252.79.95,1256
173.252.79.82,1257
69.171.248.98,1258
173.194.65.127,1259
134.93.171.47,1260
85.26.42.231,1261
10.8.0.14,1262
10.8.0.10,1263
10.8.0.6,1264
10.8.8.222,1265
80.239.235.110,1266
10.8.8.246,1267
